{"cameraMode":{"drawMode":0,"name":"Shaded","section":"Shading Mode"},"sceneLighting":true,"audioPlay":false,"sceneViewState":{"showFog":true,"showMaterialUpdate":false,"showSkybox":true,"showFlares":true,"showImageEffects":true,"showParticleSystems":true},"in2DMode":false,"pivot":{"x":-1.93532133102417,"y":1.0576319694519044,"z":23.876691818237306},"rotation":{"x":-0.17867697775363923,"y":0.4346825182437897,"z":-0.08843570202589035,"w":-0.8782397508621216},"size":10.0,"orthographic":false}